hjd,phase,mag
2458790.681515912,0.830161412920063,10.56083
2458790.7023493233,0.8423036561664503,10.57358
2458790.723182734,0.8544458991414672,10.58205
2458790.7440162436,0.8665881996531084,10.5944
2458790.764849653,0.8787304418139001,10.60483
2458790.7856830624,0.8908726839747487,10.61742
2458790.806516471,0.9030149255927427,10.63601
2458790.827349978,0.9151572247474178,10.67632
2458790.848183386,0.9272994660939844,10.73463
2458790.8690167926,0.9394417066264396,10.80671
2458790.8898501988,0.9515839468874105,10.89281
2458790.910683705,0.9637262454992879,10.9888
2458790.9315171097,0.9758684849460906,11.0843
2458790.9523505145,0.9880107243928933,11.14456
2458790.9731839187,0.00015296356832550373,11.15643
2458790.994017322,0.01229520220095992,11.10942
2458791.0148508255,0.02443749918438698,11.02195
2458791.035684228,0.03657973727422359,10.92698
2458791.05651763,0.048721975092632874,10.83366
2458791.0773510314,0.06086421263967168,10.7541
2458791.0981845325,0.07300650826613264,10.69107
2458791.38985239,0.24299797206663243,10.51846
2458791.410685783,0.25514020445706365,10.50813
2458791.4315192755,0.26728249519834435,10.50205
2458791.4523526677,0.2794247273174051,10.49407
2458791.473186059,0.29156695889361117,10.49535
2458791.4940194497,0.3037091901984468,10.49801
2458791.51485294,0.31585147958270454,10.5039
2458791.53568633,0.32799371034474234,10.51304
2458791.5565197193,0.34013594083540966,10.52219
2458791.5773531077,0.3522781707832223,10.53445
2458791.5981865963,0.3644204590819413,10.54575
2458791.619019984,0.3765626884869562,10.55448
2458791.6398533713,0.3887049178920279,10.56499
2458791.6606867583,0.40084714702567226,10.57743
2458791.681520244,0.412989433695941,10.59906
2458791.7023536293,0.42513166174398975,10.63303
2458791.723187015,0.43727389006346584,10.67081
2458791.7440203996,0.4494161178400873,10.72005
2458791.764853883,0.4615584031533899,10.77243
2458791.785687267,0.47370063038721355,10.81904
2458791.8065206497,0.4858428570782962,10.84913
2458791.827354032,0.4979850834978947,10.8619
2458791.848187514,0.5101273679970291,10.84587
2458791.8690208956,0.5222695938738866,10.81091
2458791.889854276,0.5344118192079463,10.7667
2458791.9106876566,0.5465540445419492,10.72158
2458791.9315211363,0.5586963276840606,10.68005
2458791.9523545154,0.5708385522039521,10.64417
2458791.973187894,0.5829807764523594,10.61834
2458791.9940212723,0.595123000429453,10.60068
2458792.01485465,0.6072652241351193,10.59126
2458792.0356881274,0.6194075059202078,10.58415
2458792.0565215037,0.631549728811649,10.57554
2458792.0773548796,0.6436919514317196,10.56876
2458792.098188355,0.6558342321312125,10.56093
2458792.1190217305,0.6679764544798559,10.55442
2458792.1398551045,0.680118676014331,10.54881
2458792.1606884785,0.692260897548806,10.54813
2458792.181521852,0.7044031188118538,10.54464
2458792.2023553248,0.7165453978829532,10.54436
2458792.2231886974,0.72868761860326,10.54326
2458792.244022069,0.7408298387807122,10.54526
2458792.2648555404,0.7529721170376433,10.5461
2458792.285688911,0.7651143366722977,10.54734
2458792.3065222814,0.7772565560355815,10.5531
2458792.3273556507,0.7893987748560107,10.56067
2458792.34818902,0.8015409936764968,10.56655
2458792.3690224886,0.8136832703050345,10.57522
2458792.3898558565,0.8258254883112954,10.58603
2458792.410689224,0.8379677060461859,10.59517
2458792.431522591,0.850109923509649,10.60397
2458792.4523560577,0.8622521990525343,10.61307
2458792.473189424,0.8743944159731996,10.62406
2458792.494022789,0.8865366323511239,10.63306
2458792.514856154,0.8986788487289914,10.64578
2458792.5356896184,0.9108211229149106,10.68292
2458792.556522982,0.9229633384785529,10.73725
2458792.5773563455,0.9351055537708817,10.81016
2458792.598189709,0.9472477690631536,10.89844
2458792.619023171,0.9593900418920498,11.0033
2458792.639856532,0.9715322560987261,11.1092
2458792.660689894,0.9836744705768297,11.19117
2458792.6815232546,0.9958166842407081,11.2293
2458792.7023567143,0.007958955712638272,11.1809
2458792.7231900743,0.020101169105146255,11.11096
2458792.7440234334,0.03224338195479959,11.00523
2458792.764856792,0.04438559453308244,10.9052
2458792.78569025,0.05652786491941697,10.81395
2458792.8065236076,0.06867007695490202,10.74228
2458792.8273569643,0.08081228844758925,10.6852
2458792.8481903207,0.09295449966890601,10.64916
2458792.8690237766,0.10509676896964493,10.63268
2458792.889857132,0.11723897964810703,10.62424
2458792.910690487,0.12938119005519866,10.61338
2458792.9315238413,0.1415234001909198,10.60294
2458792.952357295,0.15366566813463578,10.5922
2458792.973190648,0.1658078774561318,10.58445
2458792.994024001,0.1779500867776278,10.57508
2458793.014857353,0.190092295556326,10.56761
2458793.035690805,0.20223456241450322,10.56118
2458793.0565241557,0.2143767703789763,10.55443
2458793.0773575064,0.2265189783435062,10.55058
2458793.098190856,0.23866118576518147,10.54756
2458793.119024306,0.2508034515377062,10.5439
2458793.139857655,0.2629456584166405,10.54209
2458793.1606910033,0.2750878650241475,10.53969
2458793.1815243512,0.28723007136022716,10.53915
2458793.202357799,0.2993723357757858,10.54268
2458793.223191146,0.31151454156906766,10.54594
2458793.244024492,0.32365674681960854,10.55025
2458793.2648578375,0.3357989517987221,10.55662
2458793.285691283,0.3479412151286283,10.56231
2458793.306524628,0.36008341956494405,10.56919
2458793.327357972,0.3722256237298893,10.57956
2458793.348191316,0.38436782762340727,10.58532
2458793.3690247587,0.39651008932492005,10.59432
2458793.3898581015,0.4086522926756402,10.6123
2458793.4106914434,0.4207944954835625,10.64044
2458793.431524785,0.4329366980200575,10.6762
2458793.4523582263,0.44507895890745885,10.72167
2458793.4731915668,0.45722116090115605,10.76801
2458793.4940249063,0.46936336235205545,10.8163
2458793.514858246,0.4815055638030117,10.85191
2458793.5356915854,0.4936477652539111,10.87009
2458793.556525023,0.5057900239700643,10.86042
2458793.577358361,0.5179322243353681,10.82952
2458793.598191699,0.5300744249720992,10.7846
2458793.6190250358,0.5422166247946052,10.73589
2458793.639858471,0.5543588821537924,10.69264
2458793.6606918075,0.5665010817049279,10.65279
2458793.681525143,0.5786432807132087,10.62165
2458793.7023584773,0.5907854791787486,10.60139
2458793.723191912,0.6029277359951379,10.58936
2458793.7440252453,0.61506993391788,10.58172
2458793.7648585783,0.6272121315691948,10.57309
2458793.785691911,0.639354328949139,10.56362
2458793.8065253426,0.6514965841370781,10.55678
2458793.8273586743,0.6636387809742246,10.54902
2458793.848192005,0.6757809772685164,10.54126
2458793.8690253356,0.687923173562865,10.53566
2458793.8898587655,0.7000654276652654,10.53221
2458793.910692095,0.7122076231453889,10.52979
2458793.9315254237,0.7243498183541419,10.52713
2458793.952358752,0.7364920132914676,10.52771
2458793.9731921796,0.748634266036845,10.52927
2458793.994025507,0.7607764604313729,10.53426
2458794.0148588335,0.772918654283103,10.53822
2458794.0356921596,0.7850608478634626,10.54397
2458794.0565255852,0.7972030995232444,10.55206
2458794.0773589103,0.8093452925607494,10.56175
2458794.098192235,0.8214874853268839,10.56808
2458794.119025559,0.8336296778216479,10.57935
2458794.1398589825,0.8457719281244067,10.59286
2458794.160692306,0.8579141200763729,10.6042
2458794.181525628,0.8700563114855413,10.61505
2458794.20235895,0.8821985026232824,10.62773
2458794.2231923714,0.8943407518404456,10.64008
2458794.2440256923,0.9064829424353888,10.66436
2458794.264859013,0.9186251327589616,10.71343
2458794.2856923323,0.9307673225396798,10.77829
2458794.306525752,0.9429095706713042,10.85959
2458794.3273590705,0.9550517599092245,10.95515
2458794.3481923887,0.9671939488757744,11.05869
2458794.3690257063,0.9793361375709537,11.15437
2458794.3898591236,0.9914783843455552,11.21439
2458794.41069244,0.0036205722265094664,11.20809
2458794.431525756,0.01576276010746369,11.13991
2458794.4523590715,0.02790494744562011,11.03947
2458794.473192487,0.04004719313456917,10.93559
2458794.4940258013,0.05218937992992778,10.84091
2458794.5148591152,0.06433156645391591,10.76077
2458794.535692429,0.0764737529778472,10.69621
2458794.5565257417,0.0886159386876102,10.65112
2458794.577359154,0.10075818247679535,10.62964
2458794.598192466,0.11290036791518787,10.61864
2458794.6190257776,0.12504255308215306,10.60875
2458794.639859088,0.13718473770632045,10.59886
2458794.6606924986,0.14932698040991,10.58845
2458794.6815258083,0.16146916449127957,10.57727
2458794.7023591176,0.17361134830122182,10.56977
2458794.723192426,0.1857535315684231,10.5618
2458794.7440258344,0.19789577318641705,10.55554
2458794.764859142,0.21003795591076369,10.54722
2458794.7856924487,0.22218013836373984,10.54151
2458794.806525755,0.23432232054534552,10.53558
2458794.8273591613,0.2464645608063165,10.53267
2458794.848192467,0.2586067424451244,10.5298
2458794.8690257715,0.2707489235410776,10.52764
2458794.889859076,0.2828911046370308,10.53023
2458794.91069248,0.2950333435410357,10.53091
2458794.931525783,0.30717552382282065,10.53506
2458794.973192388,0.3314598835721654,10.54739
2458794.99402579,0.3436021213906315,10.55139
2458795.0148590915,0.355744300586764,10.56032
2458795.035692392,0.3678864792401555,10.56801
2458795.0565256923,0.380028657893547,10.57441
2458795.077359092,0.39217089435493335,10.58054
2458795.098192391,0.4043130721941566,10.59338
2458795.1190256895,0.41645524976189563,10.61848
2458795.1398589876,0.42859742705832105,10.65192
2458795.160692385,0.4407396621627413,10.69468
2458795.181525682,0.45288183891631206,10.74007
2458795.2023589783,0.465024015127085,10.78891
2458795.2231922746,0.477166191337858,10.82914
2458795.24402567,0.48930842535673946,10.85596
2458795.264858965,0.5014506007532873,10.85965
2458795.285692259,0.5135927758784646,10.83252
2458795.3065255526,0.525734950460901,10.79241
2458795.327358946,0.53787718339413,10.74733
2458795.3481922387,0.5500193574337118,10.69862
2458795.3690255308,0.5621615312018662,10.65642
2458795.389858823,0.5743037049700774,10.62409
2458795.410692214,0.5864459365463404,10.59813
2458795.431525504,0.5985881092288992,10.58377
2458795.4523587944,0.6107302819115148,10.57829
2458795.4731920846,0.6228724545940736,10.57472
2458795.494025473,0.6350146845419431,10.56601
2458795.5148587613,0.6471568561389631,10.55973
2458795.53569205,0.6592990280073536,10.55181
2458795.5565253375,0.671441199061519,10.54717
2458795.577358624,0.6835833695729434,10.54177
2458795.5981920105,0.6957255984351605,10.53557
2458795.6190252965,0.7078677686751575,10.53168
2458795.6398585816,0.7200099383723568,10.52996
2458795.6606919663,0.7321521661490351,10.5277
2458795.681525251,0.7442943355748071,10.52872
2458795.7023585346,0.756436504457838,10.53228
2458795.7231918178,0.7685786730694417,10.53494
2458795.7440251,0.7807208411382476,10.5386
2458795.7648584824,0.7928630675579029,10.54495
2458795.7856917637,0.805005235083911,10.55348
2458795.806525045,0.817147402609919,10.56292
2458795.8273583255,0.8292895695931293,10.57433
2458795.8481917055,0.8414317946557617,10.58323
2458795.869024985,0.8535739610961741,10.59568
2458795.889858264,0.8657161272652161,10.60697
2458795.910691542,0.8778582928914034,10.61595
2458795.9315249203,0.8900005168684402,10.62792
2458795.9523581974,0.9021426819518865,10.64862
2458795.973191474,0.9142848467639055,10.69131
2458795.9940247503,0.9264270113044972,10.75118
2458796.014858126,0.9385692339245679,10.8268
2458796.0356914015,0.9507113979224187,10.91707
2458796.0565246763,0.9628535616487852,11.01977
2458796.07735795,0.9749957248324108,11.12282
2458796.098191324,0.9871379463668859,11.19797
2458796.119024597,0.9992801090077137,11.21395
2458796.1398578696,0.011422271377114157,11.16668
2458796.1606911416,0.023564433475144142,11.07346
2458796.1815245133,0.03570665365265313,10.97116
2458796.2023577844,0.047848815207828466,10.87162
2458796.2231910545,0.05999097622026284,10.78625
2458796.244024324,0.07213313696132673,10.71674
2458796.264857694,0.08427535605318326,10.66485
2458796.285690963,0.0964175162513925,10.63607
2458796.306524231,0.10855967617823126,10.62281
2458796.3273574994,0.12070183610507002,10.61298
2458796.348190866,0.1328440532971058,10.60089
2458796.369024133,0.14498621240977627,10.5917
2458796.3898573993,0.15712837125101942,10.58238
2458796.4106906652,0.16927052982083524,10.57129
2458796.43152403,0.1814127459272754,10.56091
2458796.452357295,0.19355490395435027,10.5531
2458796.473190559,0.20569706143857047,10.5462
2458796.4940238222,0.21783921837999287,10.53819
2458796.5148571855,0.22998143367226476,10.53461
2458796.535690448,0.2421235900709462,10.52946
2458796.55652371,0.2542657464695708,10.52809
2458796.5773569713,0.26640790232539757,10.52611
2458796.5981903323,0.27855011626070336,10.52538
2458796.6190235927,0.29069227157373234,10.52941
2458796.6398568526,0.30283442661539084,10.53029
2458796.6606901116,0.3149765811141947,10.53473
2458796.6815234707,0.32711879396390486,10.5417
2458796.7023567287,0.33926094791996775,10.54894
2458796.7231899863,0.3514031016046033,10.55402
2458796.7440232434,0.36354525501781154,10.56139
2458796.7648566,0.3756874665104988,10.57078
2458796.7856898564,0.38782961938096605,10.57707
2458796.806523112,0.399971771980006,10.58766
2458796.827356367,0.41211392403624814,10.60591
2458796.848189621,0.4242560758211198,10.63729
2458796.8690229757,0.43639828595684094,10.67589
2458796.889856229,0.44854043719885794,10.72265
2458796.910689482,0.46068258816950447,10.76916
2458796.931522734,0.4728247385973532,10.81386
2458796.952356086,0.4849669473760514,10.84649
2458796.9731893376,0.49710909753252963,10.85857
2458796.9940225882,0.5092512471461532,10.84378
2458797.0148558384,0.5213933964884632,10.81015
2458797.035689188,0.5335356039101384,10.7641
2458797.0565224374,0.5456777527095937,10.71509
2458797.077355686,0.5578199012376786,10.67211
2458797.0981889344,0.569962049494336,10.63659
2458797.119022282,0.5821042555590452,10.60831
2458797.139855529,0.5942464032729049,10.59027
2458797.1606887756,0.6063885504439668,10.58271
2458797.1815220215,0.6185306973436013,10.57239
2458797.202355367,0.6306729023227149,10.56553
2458797.223188612,0.6428150486796085,10.55775
2458797.2440218567,0.6549571947650747,10.54925
2458797.264855101,0.6670993405791137,10.5438
2458797.285688444,0.6792415442012043,10.53942
2458797.3065216867,0.691383689201075,10.53627
2458797.3273549294,0.7035258342009456,10.53303
2458797.348188171,0.7156679786580185,10.53177
2458797.369021512,0.727810180923143,10.53111
2458797.3898547534,0.7399523251088453,10.5334
2458797.4106879933,0.7520944684802657,10.53441
2458797.431521233,0.764236611851743,10.53996
2458797.4523545722,0.7763788130312719,10.54725
2458797.4731878107,0.7885209555885808,10.55097
2458797.494021049,0.8006630978744056,10.55754
2458797.5148542863,0.8128052398889167,10.56727
2458797.5356876235,0.82494743998285,10.57447
2458797.55652086,0.8370895814545065,10.5826
2458797.577354096,0.8492317223833652,10.59299
2458797.5981873316,0.8613738633122807,10.60374
2458797.6190206665,0.8735160620491911,10.61282
2458797.6398539008,0.8856582021638815,10.62048
2458797.6606871346,0.8978003420071445,10.63546
2458797.681520368,0.9099424815790371,10.66828
2458797.7023537005,0.9220846789589814,10.72259
2458797.723186933,0.9342268179880762,10.79237
2458797.7440201645,0.9463689564743163,10.88066
2458797.7648533955,0.9585110946892428,10.98274
2458797.785686726,0.9706532909835346,11.0863
2458797.8065199563,0.9827954286556633,11.17246
2458797.827353186,0.9949375660563078,11.21084
2458797.848186415,0.007079703185638664,11.18175
2458797.8690197435,0.019221898122964376,11.10184
2458797.889852972,0.0313640347094406,11.00064
2458797.910686199,0.04350617075311902,10.89932
2458797.931519426,0.05564830652542696,10.80861
2458797.9523526523,0.06779044202630757,10.73508
2458797.9731859784,0.07993263560666719,10.67679
2458797.994019204,0.09207477056475,10.63989
2458798.0148524283,0.104216904980035,10.6253
2458798.035685653,0.11635903939537684,10.61814
2458798.0565189766,0.12850123161871352,10.60928
2458798.0773521997,0.1406433652197734,10.60238
2458798.0981854224,0.15278549854951962,10.5902
2458798.1190186446,0.16492763160778168,10.58251
2458798.1398519664,0.17706982274552274,10.57342
2458798.1606851877,0.18921195526104384,10.56566
2458798.181518408,0.20135408723376713,10.55684
2458798.2023516283,0.21349621920643358,10.55142
2458798.223184948,0.22563840898720855,10.5453
2458798.244018167,0.2377805401457067,10.54092
2458798.2648513853,0.2499226710328344,10.53819
2458798.2856846033,0.26206480164853474,10.5371
2458798.3065179205,0.27420699007228677,10.53796
2458798.3273511375,0.2863491201451893,10.53778
2458798.348184354,0.29849124994666454,10.5398
2458798.36901757,0.3106333792053988,10.54237
2458798.389850885,0.3227755665435552,10.54731
2458798.4106841,0.33491769525949167,10.55142
2458798.431517314,0.3470598237040008,10.5585
2458798.4523505275,0.3592019516057121,10.56472
2458798.473183841,0.3713441378582729,10.57092
2458798.4940170534,0.38348626521718643,10.58027
2458798.514850266,0.39562839257609994,10.58937
2458798.5356834773,0.40777051939221565,10.60617
2458798.5565167884,0.4199127042877535,10.63126
2458798.577349999,0.4320548305610714,10.66757
2458798.5981832086,0.4441969562915915,10.7089
2458798.6190164182,0.4563390820221116,10.754
2458798.639849727,0.46848126556068337,10.80152
2458798.6606829357,0.48062339074840565,10.83861
2458798.6815161435,0.49276551539333013,10.85716
2458798.702349351,0.5049076397668841,10.84979
2458798.7231826577,0.5170498222198034,10.82091
2458798.7440158636,0.5291919457791323,10.77911
2458798.7648490695,0.5413340693384612,10.73267
2458798.7856822745,0.5534761923549922,10.68903
2458798.8065155796,0.5656183737223728,10.65126
2458798.8273487836,0.577760496196106,10.62185
2458798.848181987,0.589902618398412,10.59994
2458798.8690151903,0.6020447403293474,10.58884
2458798.889848493,0.6141869203397619,10.58127
2458798.9106816947,0.6263290414564722,10.5731
2458798.9315148965,0.6384711625731825,10.56531
2458798.952348097,0.6506132831471518,10.55541
2458798.9731813977,0.6627554618005433,10.549
2458798.9940145975,0.674897581831658,10.54243
2458799.014847797,0.6870397015914023,10.53724
2458799.035680996,0.6991818210797192,10.53342
2458799.0565142944,0.711323998647515,10.5307
2458799.077347492,0.7234661173216637,10.53061
2458799.0981806894,0.7356082359958123,10.53112
2458799.119013886,0.7477503541271062,10.53293
2458799.1398470826,0.759892472258457,10.53558
2458799.160680378,0.7720346479264322,10.53878
2458799.181513573,0.7841767652436147,10.54647
2458799.223179962,0.8084609990636977,10.56322
2458799.2440132555,0.8206031736460773,10.57402
2458799.264846449,0.8327452898776073,10.58588
2458799.285679641,0.8448874055663964,10.59592
2458799.306512833,0.8570295209837013,10.60684
2458799.3273461247,0.8691716944804853,10.61884
2458799.3481793157,0.8813138093550492,10.62899
2458799.3690125057,0.8934559236868154,10.64169
2458799.389845696,0.9055980380185815,10.66442
2458799.410678985,0.9177402101583425,10.70998
2458799.4315121737,0.9298823236759404,10.77143
2458799.452345362,0.9420244369220541,10.8494
2458799.4731785497,0.9541665498967973,10.94348
2458799.494011837,0.9663087209510195,11.0493
2458799.514845024,0.9784508333829649,11.1456
2458799.5356782097,0.9905929452721125,11.20463
2458799.556511395,0.00273505688988962,11.20229
2458799.5773446807,0.014877226858516224,11.14111
2458799.598177865,0.027019337933438692,11.04352
2458799.619011049,0.03916144873699068,10.93937
2458799.6398442322,0.0513035589978017,10.84342
2458799.6606775154,0.06344572760940537,10.76246
2458799.681510698,0.07558783759873222,10.69685
2458799.7023438797,0.08772994704531811,10.65191
2458799.723177061,0.09987205622047668,10.62866
2458799.7440103423,0.11201422374648473,10.62011
2458799.7648435226,0.12415633237884549,10.61364
2458799.785676702,0.13629844046840844,10.60388
2458799.8065098813,0.1484405485579714,10.59635
2458799.8273431603,0.16058271472701335,10.58691
2458799.8481763382,0.17272482200235117,10.58129
2458799.8690095157,0.18486692900631851,10.57141
2458799.889842693,0.19700903601028585,10.56367
2458799.91067597,0.20915120082230487,10.55702
2458799.931509146,0.22129330701210392,10.5524
2458799.952342321,0.23343541265904832,10.54889
2458799.9731754963,0.24557751830604957,10.54369
2458799.9940087707,0.25771968176104565,10.54329
2458800.014841945,0.2698617868652491,10.54185
2458800.035675118,0.2820038914265979,10.54073
2458800.056508291,0.2941459957165762,10.54288
2458800.0773415635,0.3062881580860335,10.5444
2458800.0981747354,0.318430261833214,10.54722
2458800.1190079064,0.3305723650375967,10.55114
2458800.139841078,0.34271446851334986,10.55631
2458800.1606743475,0.3548566292543569,10.56167
2458800.1815075176,0.3669987319159418,10.56924
2458800.202340687,0.3791408343061562,10.5754
2458800.223173856,0.39128293615351595,10.58129
2458800.2440071236,0.4034250958089842,10.59623
2458800.2648402913,0.41556719711354617,10.62001
2458800.2856734586,0.42770929814673764,10.65256
2458800.306506625,0.4398513986371313,10.69247
2458800.3273398913,0.45199355747837444,10.73998
2458800.3481730567,0.4641356574259703,10.78814
2458800.3690062216,0.4762777571021388,10.83077
2458800.389839386,0.48841985650693687,10.85821
2458800.4106725496,0.5005619553689371,10.85936
2458800.4315058133,0.51270411258173,10.83768
2458800.4523389763,0.5248462111723597,10.7995
2458800.4731721384,0.5369883092201349,10.75177
2458800.4940053,0.5491304069965395,10.70686
2458800.5148385614,0.5612725628523663,10.665
2458800.535671722,0.5734146600859731,10.63048
2458800.5565048824,0.5855567570481526,10.60478
2458800.577338042,0.5976988537389616,10.59063
2458800.598171301,0.6098410082378223,10.58307
2458800.6190044596,0.6219831041144062,10.57655
2458800.639837618,0.63412519999099,10.56931
2458800.6606707755,0.646267295324833,10.5615
2458800.6815040326,0.6584094487380412,10.55677
2458800.702337189,0.6705515435290863,10.55051
2458800.7231703447,0.6826936377772768,10.54518
2458800.7440035003,0.6948357320254672,10.54127
2458800.764836755,0.7069778840817094,10.538
2458800.78566991,0.7191199777871589,10.53488
2458800.8065030635,0.7312620709497537,10.5336
2458800.827336217,0.7434041638409781,10.5354
2458800.8481694697,0.7555463148116246,10.53626
2458800.869002622,0.7676884071599943,10.53875
2458800.8898357735,0.7798304989656231,10.54575
2458800.910668925,0.7919725907712518,10.55007
2458800.9315021755,0.8041147403848754,10.55946
2458800.9523353255,0.816256831376279,10.56778
2458800.973168475,0.8283989220963122,10.57763
2458800.994001624,0.840541012544918,10.58981
2458801.014834873,0.8526831610730028,10.60085
2458801.035668021,0.8648252509788108,10.61196
2458801.0565011683,0.876967340341821,10.62315
2458801.077334316,0.8891094299762585,10.63668
2458801.098167562,0.9012515768758931,10.6556
2458801.1190007078,0.913393665424735,10.69437
2458801.1398338536,0.9255357539735769,10.75288
2458801.1606669985,0.9376778419795642,10.82655
2458801.1815002426,0.94981998779366,10.91558
2458801.2023333865,0.9619620752568494,11.0151
2458801.22316653,0.9741041624486684,11.1185
2458801.2439996726,0.9862462490976895,11.19854
2458801.264832915,0.9983883938261897,11.21874
2458801.2856660564,0.010530479932413073,11.16894
2458801.3064991976,0.022672565767209107,11.08449
2458801.3273323383,0.034814651330691504,10.97937
2458801.348165478,0.04695673635131925,10.88304
2458801.368998718,0.05909887972279648,10.79498
2458801.389831857,0.07124096420062642,10.72418
2458801.4106649957,0.08338304867845636,10.67029
2458801.4314981336,0.0955251326134885,10.64047
2458801.452331371,0.10766727462794279,10.62699
2458801.4731645077,0.11980935774874979,10.61515
2458801.493997644,0.13195144086961363,10.60482
2458801.51483078,0.14409352371905015,10.59395
2458801.5356640154,0.15623566437653835,10.58245
2458801.55649715,0.16837774641174974,10.57177
2458801.5773302848,0.18051982844701797,10.56356
2458801.5981634185,0.19266190993943155,10.55597
2458801.6189966514,0.2048040492398968,10.54738
2458801.639829784,0.21694613018956943,10.54133
2458801.6606629165,0.22908821086781472,10.53689
2458801.681496048,0.2412302910032622,10.53416
2458801.7023292794,0.2533724294895592,10.53124
2458801.72316241,0.26551450908220886,10.52899
2458801.74399554,0.2776565884034312,10.53083
2458801.7648286694,0.2897986674532831,10.53499
2458801.7856618986,0.3019408045825571,10.53566
2458801.8064950267,0.31408288281818386,10.54118
2458801.827328155,0.32622496105386745,10.54754
2458801.848161282,0.3383670387466964,10.55307
2458801.868994509,0.3505091745190043,10.56044
2458801.8898276356,0.36265125194046277,10.56851
2458801.9106607614,0.3747933288191234,10.57711
2458801.9314938863,0.3869354051549294,10.58432
2458801.9523271113,0.39907753984164174,10.59391
2458801.9731602357,0.4112196159061341,10.61155
2458801.993993359,0.4233616914277718,10.6403
2458802.014826483,0.43550376722083683,10.68031
2458802.0356597053,0.4476459002790989,10.72389
2458802.0564928274,0.4597879749865683,10.77029
2458802.0773259494,0.47193004969403773,10.81577
2458802.09815907,0.484072123587282,10.85089
2458802.1189922905,0.4962142555600053,10.86756
2458802.139825411,0.5083563294532496,10.85974
2458802.1606585304,0.5204984025323256,10.82804
2458802.1814916492,0.5326404753399743,10.78351
2458802.2023248677,0.544782606227102,10.72823
2458802.2231579856,0.5569246784919528,10.66397
2458802.243991103,0.5690667504854332,10.60863
2458802.26482422,0.5812088222074863,10.56456
2458802.285657436,0.593350951737591,10.5418
2458802.306490552,0.6054930229168463,10.53677
2458802.3273236672,0.6176350935533037,10.53886
2458802.348156782,0.6297771639183907,10.54498
2458802.368989996,0.6419192923628998,10.54996
2458802.38982311,0.654061362185189,10.54983
2458802.410656223,0.6662034317360508,10.54768
2458802.431489336,0.6783455010155421,10.54538
2458803.4731455944,0.2854493264929374,10.53028
2458803.4939786796,0.29759137975986505,10.53516
2458803.514811765,0.3097334330267927,10.53773
2458803.5356448498,0.321875486022293,10.5426
2458803.556478034,0.334017596825845,10.55079
2458803.577311117,0.346159649007177,10.55856
2458803.5981442006,0.358301701188509,10.56476
2458803.618977283,0.3704437528270432,10.57385
2458803.639810465,0.3825858622735723,10.58327
2458803.6606435464,0.3947279133693087,10.59207
2458803.6814766275,0.40686996419361776,10.60581
2458803.7023097076,0.41901201447512904,10.63231
2458803.723142788,0.43115406475669715,10.66875
2458803.743975967,0.4432961728462601,10.70989
2458803.764809046,0.45543822231354625,10.75747
2458803.7856421242,0.46758027150951875,10.8018
2458803.806475202,0.4797223204340071,10.84017
2458803.8273083796,0.4918644274379744,10.86103
2458803.848141456,0.5040064755482945,10.85591
2458803.8689745325,0.5161485236586714,10.82806
2458803.8898076084,0.5282905714975641,10.78702
2458803.910640783,0.540432676873138,10.73954
2458803.9314738577,0.5525747238978624,10.69514
2458803.9523069323,0.5647167709226437,10.65568
2458803.973140006,0.5768588174045703,10.62461
2458803.9939731783,0.5890009214231213,10.60327
2458804.0148062515,0.6011429676336775,10.59063
2458804.0356393233,0.6132850130300085,10.58284
2458804.056472395,0.6254270584263395,10.57511
2458804.077305566,0.6375691616307222,10.56669
2458804.0981386364,0.6497112062128281,10.5582
2458804.118971706,0.661853250252193,10.5505
2458804.1398047754,0.6739952942915579,10.54293
2458804.1606379445,0.686137396410345,10.54001
2458804.1814710125,0.6982794396354848,10.53609
2458804.2023040806,0.7104214828606246,10.53241
2458804.2231371477,0.7225635255429665,10.53197
2458804.2439703145,0.7347056263047307,10.53365
2458804.2648033807,0.7468476684442749,10.53565
2458804.2856364464,0.7589897103124486,10.53946
2458804.3064695112,0.7711317516377676,10.54479
2458804.327302676,0.7832738513139361,10.55015
2458804.34813574,0.7954158920965142,10.55665
2458804.3689688034,0.807557932607665,10.5657
2458804.389801867,0.8196999731188157,10.5755
2458804.4106350294,0.8318420714380181,10.58659
2458804.431468091,0.8439841108635733,10.59434
2458804.4523011525,0.8561261502891284,10.60568
2458804.4731342136,0.8682681894432562,10.61846
2458804.493967374,0.8804102864054357,10.62861
2458804.514800434,0.8925523250168226,10.63886
2458804.535633493,0.9046943630853548,10.66062
2458804.556466552,0.9168364008825165,10.70507
2458804.5772997104,0.9289784967591004,10.76472
2458804.598132768,0.9411205340134643,10.84447
2458804.618965825,0.9532625707250304,10.93846
2458804.639798882,0.9654046074365965,11.03882
2458804.660632038,0.9775467019562143,11.13148
2458804.681465094,0.9896887381249826,11.19948
2458804.702298149,0.0018307737509530853,11.20095
2458804.7231312036,0.013972809105496253,11.13764
2458804.743964358,0.026114902539518425,11.04658
2458804.764797411,0.038256937079893305,10.94536
2458804.785630464,0.05039897162021134,10.84816
2458804.806463517,0.06254100588921574,10.7654
2458804.8272966687,0.07468309796621497,10.70163
2458804.84812972,0.08682513142099424,10.65574
2458804.868962771,0.09896716460434618,10.63046
2458804.8897958216,0.11110919778769812,10.62404
2458804.9106288715,0.1232512304283091,10.61582
2458804.9314620206,0.1353933208769149,10.60614
2458804.95229507,0.14753535324609857,10.59782
2458804.973128118,0.1596773848010571,10.58943
2458804.9939611657,0.17181941608464513,10.57969
2458805.014794313,0.18396150544765533,10.57262
2458805.03562736,0.19610353645981604,10.56499
2458805.056460406,0.20824556692917895,10.56108
2458805.0772934514,0.22038759685574405,10.55493
2458805.098126597,0.23252968513321548,10.54887
2458805.1189596415,0.24467171478835326,10.54585
2458805.1397926854,0.25681374390075007,10.54352
2458805.160625729,0.26895577274171956,10.54176
2458805.181458872,0.28109785966216805,10.54207
2458805.2022919143,0.29323988796033973,10.54405
2458805.2231249562,0.30538191598714093,10.54545
2458805.2439579978,0.3175239437425148,10.54937
2458805.264791139,0.32966602957731084,10.55319
2458805.285624179,0.3418080565185164,10.55874
2458805.306457219,0.353950083459722,10.56493
2458805.3272902584,0.36609210985807294,10.57085
2458805.348123397,0.3782341943359029,10.57442
2458805.3689564355,0.39037622019151286,10.58125
2458805.3897894733,0.4025182457756955,10.59318
2458805.41062251,0.41466027081708035,10.61625
2458805.431455647,0.42680235420931467,10.64839
2458805.4522886835,0.43894437897932903,10.68922
2458805.473121719,0.45108640320648874,10.73419
2458805.493954754,0.46322842716227797,10.78101
2458805.5147878886,0.4753705091975462,10.82427
2458805.5356209227,0.4875125326105376,10.85511
2458805.5564539563,0.49965455575215856,10.85768
2458805.5772869894,0.5117965786223522,10.83372
2458805.5981201218,0.5239386593005975,10.79774
2458805.618953154,0.5360806816279933,10.75107
2458805.639786185,0.5482227034125913,10.70479
2458805.660619216,0.560364724925762,10.66544
2458805.6814523465,0.5725068045184116,10.63154
2458805.7022853764,0.5846488254888413,10.60593
2458805.723118406,0.5967908461878437,10.59134
2458805.7439514343,0.6089328663440483,10.58426
2458805.764784563,0.6210749448510455,10.57484
2458805.7856175904,0.6332169644644523,10.56928
2458805.806450618,0.6453589840778591,10.56265
2458805.827283645,0.6575010034198954,10.55604
2458805.848116771,0.669643080298556,10.54825
2458805.8689497965,0.6817850988263672,10.54224
2458805.8897828218,0.693927117082751,10.53668
2458805.9106158465,0.7060691350677644,10.5327
2458805.9314488703,0.7182111525099799,10.53151
2458805.9522819943,0.7303532283030449,10.53137
2458805.973115017,0.7424952452024627,10.5349
2458805.9939480396,0.7546372618304531,10.53648
2458806.0147811617,0.7667793365379225,10.53916
2458806.035614183,0.7789213526231151,10.54582
2458806.0564472037,0.7910633681655668,10.55425
2458806.0772802243,0.8032053837079616,10.56185
2458806.0981132444,0.8153473989789859,10.56981
2458806.1189463637,0.8274894720580619,10.58219
2458806.1397793824,0.8396314865148611,10.59387
2458806.1606124006,0.8517735007002898,10.60436
2458806.1814454184,0.8639155146142912,10.61754
2458806.202278536,0.8760575866077716,10.6317
2458806.223111552,0.8881995997076046,10.64372
2458806.2439445686,0.9003416128074377,10.66147
2458806.264777584,0.9124836253644162,10.69764
2458806.2856106996,0.924625696272301,10.75047
2458806.306443714,0.9367677082865384,10.82082
2458806.327276728,0.9489097200293486,10.90641
2458806.3481097417,0.9610517315007883,11.00532
2458806.368942855,0.9731938010516501,11.10769
2458806.389775867,0.9853358117088646,11.19139
2458806.4106088793,0.997477822366136,11.21189
2458806.4314418905,0.009619832480552759,11.1759
2458806.4522750014,0.021761900674448498,11.08733
2458806.4731080118,0.033903910246067426,10.98925
2458806.4939410216,0.04604591954631587,10.8905
2458806.514774031,0.05818792857513699,10.80153
2458806.53560714,0.07032999568338028,10.73084
2458806.5564401485,0.08247200416946043,10.67514
2458806.577273156,0.09461401211268594,10.64207
2458806.5981061636,0.10675602005591145,10.6279
2458806.6189392703,0.11889808580718864,10.61747
2458806.6397722764,0.13104009293624586,10.60706
2458806.660605282,0.14318209979387575,10.59653
2458806.6814382873,0.15532410638013516,10.58596
2458806.7022713916,0.1674661707743894,10.57703
2458806.723104396,0.17960817681785102,10.56903
2458806.7439373997,0.1917501825898853,10.55959
2458806.764770403,0.2038921880905491,10.55307
2458806.785603505,0.21603425112783725,10.54719
2458806.806436507,0.22817625581427592,10.54389
2458806.827269509,0.2403182605007146,10.53919
2458806.84810251,0.25246026464435545,10.53563
2458806.86893561,0.264602326596048,10.53579
2458806.8897686102,0.27674433019689104,10.53477
2458806.91060161,0.2888863335263636,10.53676
2458806.9314346085,0.30102833631298154,10.5398
2458806.952267707,0.31317039717907846,10.54513
2458806.9731007046,0.3253123994229554,10.54961
2458806.993933702,0.33745440139540506,10.55566
2458807.0147666987,0.34959640309642737,10.56141
2458807.035599795,0.3617384628769287,10.56838
2458807.0564327906,0.3738804637637827,10.57357
2458807.077265786,0.3860224646506367,10.58035
2458807.0980987805,0.39816446499469293,10.58801
2458807.1189317745,0.41030646506737867,10.60595
2458807.139764868,0.42244852321948656,10.63522
2458807.1605978613,0.43459052274931764,10.67293
2458807.181430854,0.44673252200777824,10.71771
2458807.2022638456,0.45887452072344104,10.76365
2458807.2230969374,0.4710165777899533,10.80774
2458807.243929928,0.4831585759628183,10.84384
2458807.264762919,0.4953005741356833,10.85821
2458807.2855959088,0.5074425717657505,10.84662
2458807.3064289982,0.5195846274752398,10.81513
2458807.327261987,0.5317266245625092,10.76916
2458807.348094975,0.5438686211069808,10.72166
2458807.368927963,0.5560106176514523,10.67961
2458807.3897610507,0.5681526722754029,10.64198
2458807.4105940373,0.5802946680056493,10.61074
2458807.4314270234,0.5924366634645253,10.58985
2458807.452260009,0.6045786586519739,10.58353
2458807.4730930943,0.6167207119189015,10.57689
2458807.493926079,0.6288627065635524,10.57084
2458807.5147590633,0.6410047009368327,10.56511
2458807.535592047,0.6531466950387426,10.56129
2458807.55642513,0.6652887469486473,10.55531
2458807.577258113,0.6774307405077025,10.55092
2458807.5980910948,0.6895727335240167,10.54753
2458807.618924076,0.7017147262688468,10.54596
2458807.6397571573,0.7138567770932127,10.54441
2458807.660590138,0.725998769295245,10.54255
2458807.681423118,0.7381407612259636,10.54417
2458807.7022560975,0.7502827528852549,10.54641
2458807.723089176,0.7624248023525411,10.54937
2458807.7439221544,0.7745667931976641,10.55329
2458807.7647551326,0.7867087840427303,10.55799
2458807.78558811,0.7988507743449986,10.56727
2458807.8064211863,0.8109928224553187,10.57276
2458807.827254163,0.8231348124862166,10.57941
2458807.848087139,0.8352768019743166,10.58959
2458807.8689201144,0.8474187911909894,10.59858
2458807.889753189,0.8595608382157138,10.60733
2458807.9105861634,0.8717028268896456,10.61591
2458807.931419137,0.8838448150207228,10.62713
2458807.95225211,0.8959868028803726,10.63746
2458807.9730851827,0.9081288488195582,10.66776
2458808.014751126,0.9324128229105213,10.78568
2458808.0355840973,0.9445548096846323,10.87277
2458808.056417168,0.9566968545381656,10.97085
2458808.077250138,0.9688388404980515,11.07274
2458808.0980831073,0.9809808261865669,11.1627
2458808.118916076,0.993122811603655,11.21325
2458808.1397491447,0.005264855100165278,11.19581
2458808.1605821126,0.01740683997445558,11.11869
2458808.18141508,0.0295488245773754,11.02183
2458808.202248047,0.041690808908867893,10.91693
2458808.2230811133,0.05383285104841207,10.82629
2458808.243914079,0.06597483456573627,10.74673
2458808.2647470445,0.07811681808300364,10.69217
2458808.285580009,0.09025880105753004,10.65366
2458808.3064129734,0.10240078376062911,10.63219
2458808.3272460373,0.11454282454320719,10.62174
2458808.348079,0.12668480643208113,10.61416
2458808.368911963,0.13882678832101192,10.6047
2458808.389744925,0.15096876966708805,10.59139
2458808.410577987,0.16311080936407052,10.58027
2458808.431410948,0.17525279016734885,10.57093
2458808.4522439083,0.1873947706992567,10.56063
2458808.4730768683,0.19953675095979406,10.54976
2458808.493909928,0.2116787892997536,10.54248
2458808.514742887,0.2238207690174363,10.53663
2458808.5355758453,0.23596274819237806,10.53082
2458808.556408804,0.2481047276386903,10.52972
2458808.577241861,0.2602467643502564,10.52769
2458808.598074818,0.2723887429823435,10.53072
2458808.618907775,0.2845307213430601,10.53344
2458808.6397407306,0.29667269916097894,10.5355
2458808.6605737857,0.30881473478694943,10.54036
2458808.6814067406,0.32095671206207044,10.54668
2458808.702239695,0.33309868906582096,10.55472
2458808.7230726485,0.34524066552671684,10.56186
2458808.743905702,0.3573827003384622,10.56908
2458808.7647386547,0.3695246762566171,10.57728
2458808.785571607,0.3816666519033447,10.58735
2458808.8064045585,0.39380862727864496,10.59702
2458808.82723761,0.40595066073342423,10.60919
2458808.8480705605,0.4180926355659267,10.63526
2458808.8689035107,0.43023461012705866,10.66894
2458808.88973646,0.4423765841453928,10.70789
2458808.9105695095,0.4545186165145765,10.75667
2458808.931402458,0.46666058999011284,10.79927
2458808.952235406,0.4788025631942219,10.83948
2458808.9730683533,0.49094453612696043,10.86268
2458808.9939014004,0.5030865671391211,10.86059
2458809.014734347,0.5152285395290619,10.83029
2458809.0355672925,0.5273705113762048,10.7907
2458809.056400238,0.5395124832233478,10.74501
2458809.077233283,0.5516545128785424,10.69854
2458809.0980662275,0.5637964841828875,10.66092
2458809.1188991712,0.575938454944378,10.62916
2458809.1397321145,0.5880804254345549,10.60436
2458809.1605651574,0.600222454004097,10.58795
2458809.1813980998,0.6123644239514761,10.58269
2458809.202231041,0.6245063933560004,10.57356
2458809.2230639826,0.6366483627605248,10.56582
2458809.243897023,0.6487903899731009,10.55773
2458809.2647299636,0.6609323588348843,10.55086
2458809.285562903,0.6730743271538131,10.54321
2458809.306395842,0.6852162952013714,10.5394
2458809.327228781,0.6973582629775024,10.53484
2458809.348061819,0.7095002888331123,10.53223
2458809.3688947563,0.7216422557950182,10.53203
2458809.3897276935,0.7337842227569809,10.53203
2458809.41056063,0.7459261891761457,10.53525
2458809.431393666,0.7580682139461032,10.53847
2458809.4522266015,0.7702101798224703,10.54268
2458809.4730595364,0.78235214542741,10.54775
2458809.4938924713,0.7944941110323498,10.55403
2458809.514725505,0.8066361341739707,10.56387
2458809.5355584384,0.8187780989647422,10.57261
2458809.5563913714,0.8309200634840863,10.58187
2458809.577224304,0.8430620277320031,10.59332
2458809.5980573352,0.8552040495166011,10.60431
2458809.618890267,0.867346013221777,10.61192
2458809.639723198,0.8794879766555255,10.62127
2458809.6605561282,0.8916299395464762,10.63144
2458809.6813891577,0.9037719602454786,10.65302
2458809.702222087,0.9159139225936315,10.6966
2458809.723055016,0.9280558846704139,10.75838
2458809.7438879437,0.9401978462043985,10.83463
2458809.7647209717,0.9523398660891758,10.93136
2458809.7855538987,0.9644818270803626,11.03328
2458809.806386825,0.976623787800122,11.13181
2458809.827219751,0.9887657482484542,11.19985
2458809.848052777,0.0009077667762653618,11.20851
2458809.868885702,0.013049726681856555,11.15418
2458809.8897186266,0.025191686316020423,11.05701
2458809.9105515503,0.037333645407386484,10.95748
2458809.931384574,0.04947566284960203,10.85734
2458809.952217497,0.061617621398170286,10.77693
2458809.9730504192,0.07375957967531122,10.71107
2458809.993883341,0.0859015376811385,10.66449
2458810.0147163626,0.09804355376633112,10.63685
2458810.0355492835,0.11018551122930376,10.62934
2458810.056382204,0.12232746842084907,10.62047
2458810.077215124,0.1344694253410239,10.61265
2458810.098048143,0.14661144006925042,10.60512
2458810.1188810617,0.15875339617525697,10.59781
2458810.1397139803,0.17089535228120667,10.58812
2458810.160546898,0.1830373078444154,10.58035
2458810.181379915,0.19517932148698947,10.57358
2458810.202212832,0.2073212765074004,10.56529
2458810.2230457477,0.21946323098495668,10.55899
2458810.2438786635,0.2316051854625698,10.55525
2458810.264711679,0.2437471980196051,10.55062
2458810.2855445934,0.25588915168293624,10.54719
2458810.3063775073,0.26803110507495376,10.5475
2458810.327210421,0.2801730584669144,10.54682
2458810.3480434343,0.2923150696669836,10.54875
2458810.368876347,0.30445702224471916,10.55089
2458810.3897092585,0.31659897427971373,10.55256
2458810.41054217,0.3287409263147083,10.55749
2458810.4313750817,0.3408828783497029,10.56193
2458810.4522080915,0.3530248876499513,10.56845
2458810.4730410017,0.36516683887072077,10.57501
2458810.4938739114,0.3773087898201197,10.58293
2458810.51470692,0.38945079830614304,10.59266
2458810.5355398282,0.4015927484413737,10.6034
2458810.5563727366,0.41373469857654754,10.62685
2458810.577205644,0.42587664816892357,10.65758
2458810.5980385505,0.4380185972185018,10.69788
2458810.618871557,0.4501606046189863,10.74303
2458810.6397044626,0.46230255312576674,10.79107
2458810.6605373677,0.47444450136117666,10.8338
2458810.6813702728,0.48658644959652975,10.86443
2458810.702203277,0.49872845563999135,10.86882
2458810.7230361807,0.5108704030611761,10.84939
2458810.7438690835,0.52301234993962,10.81286
2458810.764701986,0.535154296818007,10.76595
2458810.7855349886,0.547296301775873,10.72157
2458810.80636789,0.5594382478400348,10.68069
2458810.8272007913,0.5715801939042535,10.64573
2458810.8480336918,0.5837221394256744,10.62033
2458810.868866692,0.5958641430265175,10.60412
2458810.8896995913,0.6080060880050837,10.59441
2458810.9105324904,0.6201480327123363,10.58672
2458810.931365389,0.6322899771481048,10.57849
2458810.9521983867,0.6444319793919817,10.5709
2458810.9730312843,0.6565739232850092,10.56203
2458810.993864181,0.668715866635182,10.55546
2458811.0146970777,0.6808578099854117,10.54935
2458811.0355300736,0.6929998111436362,10.5453
2458811.056362969,0.7051417536796976,10.54247
2458811.0771958637,0.7172836959442748,10.53853
2458811.098028758,0.7294256379374815,10.5374
2458811.118861752,0.7415676380101672,10.53867
2458811.139694645,0.7537095791892057,10.53968
2458811.160527538,0.7658515203681873,10.54271
2458811.18136043,0.7779934610044279,10.54984
2458811.202193422,0.7901354597200907,10.55471
2458811.223026313,0.8022773998134767,10.56249
2458811.243859204,0.8144193399069195,10.57129
2458811.2646920937,0.8265612791861372,10.58099
2458811.2855250835,0.8387032768162044,10.5925
2458811.306357973,0.8508452158239947,10.60482
2458811.3271908616,0.8629871545604715,10.61648
2458811.3480237494,0.8751290927540936,10.62794
2458811.368856737,0.8872710890271378,10.63907
2458811.3896896243,0.8994130269493894,10.65327
2458811.4105225108,0.9115549643287864,10.68929
2458811.431355397,0.9236969017082401,10.74256
2458811.4521883824,0.9358388966242615,10.81058
2458811.473021267,0.9479808329181196,10.89679
2458811.493854152,0.9601227694833483,10.99515
2458811.514687036,0.9722647055057791,11.09857
2458811.535520019,0.9844066990648344,11.17717
2458811.556352902,0.9965486345444674,11.21386
2458811.577185785,0.00869056975272997,11.18232
2458811.5980186667,0.020832504418137887,11.10094
2458811.618851548,0.03297443881217532,10.99915
2458811.639684529,0.04511643128563492,10.89885
2458811.660517409,0.05725836486550406,10.81204
2458811.681350289,0.06940029844531637,10.74043
2458811.7021831684,0.08154223175375819,10.6841
2458811.723016147,0.09368422287025169,10.65049
2458811.743849025,0.10582615536446838,10.63536
2458811.764681903,0.11796808785874191,10.62584
2458811.7855147803,0.1301100198101608,10.61543
2458811.806347757,0.14225200984105868,10.60623
2458811.8271806333,0.15439394124967976,10.59756
2458811.8480135086,0.16653587211555987,10.5893
2458811.868846484,0.17867786133223262,10.58112
2458811.8896793583,0.1908197916552581,10.57362
2458811.9105122327,0.2029617219783404,10.56869
2458811.931345106,0.21510365175856805,10.56335
2458811.952177979,0.22724558126742522,10.55812
2458811.9730109517,0.23938756885570456,10.55465
2458811.9938438237,0.2515294978217639,10.55328
2458812.014676695,0.26367142651639597,10.55145
2458812.0355095663,0.27581335493965753,10.55097
2458812.056342537,0.28795534144234125,10.55248
2458812.0771754067,0.3000972690514345,10.5559
2458812.0980082764,0.31223919666047095,10.5581
2458812.118841145,0.3243811237267096,10.55889
2458812.1396741136,0.3365231088724272,10.56436
2458812.1605069814,0.348665035395868,10.5685
2458812.181339849,0.36080696164793835,10.57394
2458812.2021727157,0.37294888762858136,10.57905
2458812.223005682,0.3850908716887034,10.58577
2458812.2438385477,0.39723279685512125,10.59321
2458812.264671413,0.40937472202159597,10.60993
2458812.285504278,0.4215166466452729,10.63993
2458812.3063372425,0.43365862961974244,10.67494
2458812.327170106,0.44580055370062155,10.71834
2458812.3480029693,0.45794247751007333,10.76763
2458812.3688358325,0.47008440131958196,10.81466
2458812.3896687943,0.4822263826656581,10.85094
2458812.410501656,0.4943683056609416,10.86583
2458812.4313345174,0.5065102283847978,10.85773
2458812.4521673783,0.5186521508372834,10.82357
2458812.473000338,0.5307941308263935,10.78019
2458812.514666057,0.5550779743742851,10.68705
2458812.5354989157,0.5672198954698047,10.65169
2458812.556331874,0.5793618746446896,10.62045
2458812.5771647315,0.5915037951973545,10.59963
2458812.5979975886,0.603645715478649,10.59101
2458812.6188304448,0.6157876352170888,10.58489
2458812.639663401,0.6279296133064349,10.58003
2458812.6604962563,0.6400715325021338,10.57385
2458812.6813291116,0.6522134516977758,10.56794
2458812.702161966,0.6643553703506768,10.56255
2458812.72299492,0.676497347083,10.55807
2458812.7438277733,0.6886392651930464,10.55438
2458812.764660626,0.7007811830317223,10.55014
2458812.7854934786,0.7129231005990277,10.54885
2458812.8063264303,0.725065075974328,10.54716
2458812.827159282,0.7372069929988356,10.54727
2458812.8479921324,0.7493489094804886,10.54707
2458812.868824983,0.7614908259621984,10.54913
2458812.8896578327,0.7736327419010536,10.55392
2458812.910490782,0.7857747159193877,10.56039
2458812.9313236307,0.797916631315502,10.56563
2458812.952156479,0.8100585464401888,10.57223
2458812.972989327,0.8222004612934484,10.58143
2458812.9938222743,0.8343424342261869,10.59086
2458813.014655121,0.8464843485367055,10.59972
2458813.035487967,0.8586262623043694,10.61117
2458813.056320813,0.8707681760720334,10.62442
2458813.077153758,0.8829101476478058,10.63664
2458813.0979866027,0.8950520606013015,10.65092
2458813.118819447,0.9071939732833698,10.68017
2458813.1396522904,0.9193358856940677,10.72681
2458813.1604852336,0.9314778561841877,10.79317
2458813.1813180763,0.9436197680520877,10.87409
2458813.2021509185,0.9557616796486172,10.96911
2458813.22298376,0.9679035907022921,11.07301
2458813.243816701,0.9800455601068165,11.16422
2458813.2646495416,0.9921874706177505,11.21821
2458813.2854823815,0.004329380857257092,11.20123
2458813.3063152214,0.016471291096763707,11.12994
2458813.32714816,0.028613258872894676,11.02662
2458813.3479809985,0.04075516829817616,10.92804
2458813.368813837,0.05289707772345764,10.83668
2458813.3896466745,0.06503898660599816,10.75991
2458813.4104796113,0.07718095329653352,10.69922
2458813.431312448,0.08932286163621939,10.65703
2458813.452145284,0.10146476970453477,10.6379
2458813.4729781193,0.11360667723005236,10.6271
2458813.493811054,0.1257486428349921,10.61808
2458813.5146438885,0.13789054981771187,10.60529
2458813.5354767223,0.15003245652900432,10.59504
2458813.5563095557,0.1621743629689263,10.58593
2458813.5771424887,0.17431632748827042,10.57636
2458813.597975321,0.18645823338539458,10.56784
2458813.6188081526,0.19860013873972093,10.56327
2458813.639640984,0.2107420440940473,10.55636
2458813.660473915,0.22288400725636848,10.55327
2458813.6813067454,0.23502591206789702,10.55037
2458813.702139575,0.24716781633662777,10.54684
2458813.722972404,0.2593097203339312,10.54705
2458813.743805333,0.27145168241065676,10.54794
2458813.7646381613,0.2835935858652192,10.54957
2458813.785470989,0.2957354890482975,10.55003
2458813.806303816,0.3078773916886348,10.55404
2458813.827136743,0.3200193526798216,10.55755
2458813.847969569,0.3321612547773043,10.56148
2458813.8688023947,0.3443031568748438,10.56782
2458813.8896352197,0.3564450584295855,10.57635
2458813.910468044,0.3685869597128999,10.58351
2458813.9313009684,0.38072891907563644,10.58991
2458813.952133792,0.39287081981620986,10.59646
2458813.972966615,0.4050127202852991,10.6108
2458813.993799438,0.4171546204830179,10.63619
2458814.01463236,0.42929657876021565,10.66842
2458814.0354651813,0.4414384781437093,10.70991
2458814.0562980026,0.45358037752725977,10.75507
2458814.077130823,0.46572227636801244,10.79985
2458814.097963743,0.4778642332881873,10.8419
2458814.118796563,0.49000613185751263,10.86497
2458814.1396293817,0.5021480298840402,10.8658
2458814.1604622,0.5142899276391404,10.84084
2458814.181295118,0.5264318832023491,10.80267
2458814.2021279354,0.5385737804146515,10.75804
2458814.2229607524,0.5507156773555835,10.71372
2458814.2437935695,0.5628575742965722,10.67433
2458814.264626485,0.5749995285027012,10.64021
2458814.2854593,0.5871414243580944,10.61594
2458814.3062921157,0.5992833204848012,10.6032
2458814.32712493,0.6114252157973397,10.59537
2458814.3479578434,0.6235671689179298,10.58655
2458814.3687906573,0.635709063959041,10.57798
2458814.38962347,0.6478509584574113,10.57129
2458814.4104562826,0.6599928526843541,10.56379
2458814.431289194,0.6721348047193487,10.55734
2458814.4521220056,0.6842766984034938,10.55191
2458814.4729548167,0.6964185918162116,10.54964
2458814.4937876267,0.7085604846861884,10.54538
2458814.5146205365,0.7207024356355873,10.54483
2458814.535453346,0.7328443282341368,10.54444
2458814.556286155,0.7449862202898316,10.54566
2458814.577118963,0.7571281120742128,10.54975
2458814.597951871,0.7692700619380162,10.55303
2458814.6187846777,0.7814119529081722,10.55835
2458814.6396174845,0.7935538438783283,10.56566
2458814.660450291,0.805695734577057,10.57442
2458814.6812831964,0.8178376830838374,10.58277
2458814.702116002,0.8299795732398252,10.59235
2458814.7229488064,0.8421214628529583,10.60091
2458814.743781611,0.8542633524660914,10.61266
2458814.7646145145,0.8664052998873331,10.62341
2458814.7854473176,0.8785471886862979,10.63622
2458814.8062801203,0.8906890772138354,10.64861
2458814.8271129224,0.9028309654700024,10.67135
2458814.847945824,0.9149729115341643,10.71338
2458814.868778625,0.9271147992475335,10.77326
2458814.889611426,0.9392566866895322,10.84844
2458814.9104442257,0.9513985735886763,10.94399
2458814.9312771256,0.9635405188386699,11.04823
2458814.9521099245,0.9756824051950161,11.14791
2458814.972942723,0.9878242912799919,11.21904
2458814.993775521,0.9999661770935973,11.22814
2458815.0146084186,0.012108120986567883,11.17086
